{"drift": {"map": -0.04825699329376221, "median": -0.054022014141082764, "confidence": [-0.05655729591846466, -0.05123440384864807], "mean": -0.05655490234494209, "std": 0.01912461407482624, "quantile_5": -0.09546001553535462, "quantile_95": -0.03159754872322083}, "boundary_separation": {"map": 1.6683188676834106, "median": 1.670520544052124, "confidence": [1.6689085960388184, 1.6714786803722381], "mean": 1.6677817106246948, "std": 0.013793428428471088, "quantile_5": 1.6324980139732361, "quantile_95": 1.683134090900421}, "starting_point": {"map": 0.5026319026947021, "median": 0.5041474103927612, "confidence": [0.5035562664270401, 0.5048017573356628], "mean": 0.5054574012756348, "std": 0.004776535555720329, "quantile_5": 0.5006306558847428, "quantile_95": 0.5166924953460693}}