{"drift": {"map": -0.04832601547241211, "median": -0.05424004793167114, "confidence": [-0.05588499844074249, -0.052958786487579346], "mean": -0.05709230154752731, "std": 0.020849790424108505, "quantile_5": -0.10040956139564514, "quantile_95": -0.029527533054351816}, "boundary_separation": {"map": 1.6683533191680908, "median": 1.6706520318984985, "confidence": [1.670102972984314, 1.6712920296192169], "mean": 1.668099045753479, "std": 0.014085090719163418, "quantile_5": 1.633098566532135, "quantile_95": 1.6848544836044312}, "starting_point": {"map": 0.5025970935821533, "median": 0.504609227180481, "confidence": [0.5043290603160858, 0.504910324215889], "mean": 0.5057249069213867, "std": 0.004791928920894861, "quantile_5": 0.500717255473137, "quantile_95": 0.5177417248487473}}